FirstName	LastName
Patricia	Jackson
Maggie	Anderson
Barbara	White
Patricia	Johnson
Sam	Jefferson
Joe	Taylor
Nicole	Miller
Barbara	Jones
Neil	Martin
Charles	Arnold
Nicole	Anderson
Dave	Davis
Travis	Harris
Robert	Wright
Sam	Williams
Maggie	Taylor
Linda	Harris
Maggie	White
Patricia	Jenkins
John	Smith
Sam	Arnold
James	Martin
Jane	Anderson
Steve	Martin
Dave	Brown
Charles	Patterson
Corey	Arnold
Joe	Jenkins
Mary	Harris
Barbara	Brown
Neil	Williams
James	Taylor
Sam	Davis
Jennifer	Smith
Elizabeth	Jacobs
Travis	Taylor
Maria	Moore
Elizabeth	Jefferson
Tom	Doe
Dave	Arnold
James	White
Joe	Thomas
Jane	Thomas
Dave	Robinson
Mary	Robinson
Neil	Patterson
Steve	Jenkins
Corey	Jefferson
Kurt	Harris
Tom	Martin
Jennifer	Jenkins
Maria	Jackson
Jennifer	Jackson
Joe	Jacobs
Elizabeth	Stuart
Tom	Arnold
John	Davis
Robert	Anderson
James	Wilson
John	Wilson
Linda	Smith
Neil	Wilson
Kurt	Jones
Michael	Wright
Tom	Moore
Steve	Wright
Patricia	Thomas
Joe	Jacobs
Corey	Doe
Linda	Martin
Maria	Jacobs
Joe	Wright
Sam	Stuart
Neil	Jones
Mary	Wright
Travis	Williams
Tom	Jefferson
Maria	Davis
Travis	Davis
Linda	Davis
Kurt	Jones
Jane	White
Travis	Wilson
Kurt	Davis
Linda	Wilson
Robert	Moore
Dave	Moore
Dave	Patterson
Neil	Patterson
Dave	Jacobs
Barbara	Wright
Michael	Moore
Michael	Williams
Barbara	Jefferson
Nicole	Stuart
Tom	Robinson
Barbara	Arnold
Maria	Stuart
Nicole	Davis
Maria	Moore
